Dataset	Proteins	MS/MS Spectra	PSM Morpheus Score Threshold	Target PSMs	Decoy PSMs	PSM FDR (%)	Unique Peptide Morpheus Score Threshold	Unique Target Peptides	Unique Decoy Peptides	Unique Peptide FDR (%)	Protein Group Summed Morpheus Score Threshold	Target Protein Groups	Decoy Protein Groups	Protein Group FDR (%)
E:\QEP\SSPangFragments\2015_004_L7low.raw	2	4634	4.090	924	8	0.866%	6.100	223	1	0.448%	2558.989	1	0	0.000%	
E:\QEP\SSPangFragments\2015_004_L7up.raw	2	4627	5.024	779	6	0.770%	6.062	216	2	0.926%	2367.679	1	0	0.000%	
E:\QEP\SSPangFragments\2015_004_L8low.raw	2	4133	4.139	568	5	0.880%	5.015	167	1	0.599%	1797.109	1	0	0.000%	
E:\QEP\SSPangFragments\2015_004_L8up.raw	2	5112	4.066	837	8	0.956%	6.050	232	2	0.862%	2724.855	1	0	0.000%	
E:\QEP\SSPangFragments\2015_004_parent.raw	2	4791	4.028	942	7	0.743%	6.011	248	2	0.806%	2899.105	1	0	0.000%	
AGGREGATE	2	23297	4.080	4107	41	0.998%	6.075	436	4	0.917%	4934.318	1	0	0.000%	
